name,times called,total time(ms),min Time(ms),max Time(ms),average time(ms),frame(0),frame(1),frame(2),frame(3),frame(4),frame(5),frame(6),frame(7),frame(8),frame(9),frame(10),frame(11),frame(12),frame(13),frame(14),frame(15),frame(16),frame(17),frame(18),frame(19),frame(20),frame(21),frame(22),frame(23),frame(24),frame(25),frame(26),frame(27),frame(28),frame(29),frame(30),frame(31),frame(32),frame(33),frame(34),frame(35),frame(36),frame(37),frame(38),frame(39),frame(40),frame(41),frame(42),frame(43),frame(44),frame(45),frame(46),frame(47),frame(48),frame(49)
Game Update,124,156.812,0.00452008,2.73506,1.26461,1.41314,1.40698,1.7127,1.41684,1.42711,1.2722,1.28494,1.28822,1.28411,1.30096,1.41807,1.41972,1.45177,1.43451,1.35808,1.43369,1.4567,1.39136,1.41561,1.43903,1.45341,1.4304,1.43369,1.44766,1.3063,1.3063,1.43574,1.30959,1.45095,1.53601,1.32603,1.30713,1.42547,1.43615,1.3289,1.31699,1.47807,1.34247,1.31617,1.38479,1.33055,1.46163,1.47478,1.35151,1.47725,1.36013,1.41314,1.40698,1.7127,1.41684
Game Draw,109,852.6,7.10393,22.8046,7.82202,7.55594,7.41171,7.97343,7.38952,7.10393,7.18734,7.24775,7.17954,7.38541,7.31062,7.14954,7.78728,7.25186,7.25145,7.26994,7.46841,7.27158,7.28144,7.86947,7.29994,9.23987,7.28473,7.27939,7.23871,7.39034,7.27487,7.27816,7.4154,7.41664,7.32089,7.32541,7.36034,7.17748,7.26871,7.25802,7.24035,7.23008,7.43595,7.25597,7.26583,7.29254,7.23542,7.33528,7.33158,7.26008,7.24446,7.55594,7.41171,7.97343,7.38952